{
 "templeR0013": [
  [
   0.9999999944722605,
   -0.00010502844267442377,
   -4.950279287745091e-06,
   -1.085288522874408e-05
  ],
  [
   0.0001050285428468056,
   0.9999999942796781,
   2.0239788978719983e-05,
   2.368029594476251e-06
  ],
  [
   4.948153505916947e-06,
   -2.0240308787458625e-05,
   0.9999999997829229,
   -2.295742069979857e-05
  ]
 ],
 "templeR0042": [
  [
   -0.9998470194677983,
   -0.009195558112194182,
   0.01487882294959993,
   0.01859122408492994
  ],
  [
   0.010133986384506093,
   -0.9978806363589371,
   0.06427704022309542,
   -0.999067915891077
  ],
  [
   0.014256226054567417,
   0.06441798887646245,
   0.9978211677088203,
   0.03903232898862824
  ]
 ],
 "templeR0044": [
  [
   -0.9991478556245413,
   -0.040421696380372775,
   0.008345601393177221,
   0.09286171090602237
  ],
  [
   0.04067186340658178,
   -0.9298103185169776,
   0.3657848699801471,
   -4.520637750311646
  ],
  [
   -0.0070258186652657866,
   0.3658125996204747,
   0.9306620115976557,
   0.7137078560898946
  ]
 ],
 "templeR0032": [
  [
   -0.9846091298523143,
   0.06665536988820675,
   0.1615608958768638,
   -1.6164317785017133
  ],
  [
   0.08059042453713908,
   -0.6471098222717153,
   0.7581253599454333,
   -9.073942912881655
  ],
  [
   0.15508076890572922,
   0.7594774121621627,
   0.6317784544688695,
   4.028344226246331
  ]
 ],
 "templeR0034": [
  [
   -0.9825510005006657,
   0.06356237960639732,
   0.17479518103744487,
   -1.7693683916097869
  ],
  [
   0.11262379279811016,
   -0.5445861388733257,
   0.8311087886930393,
   -9.963191037886324
  ],
  [
   0.14801828505596606,
   0.8362928681065114,
   0.5279250193382345,
   5.167119004369384
  ]
 ],
 "templeR0036": [
  [
   -0.9840672837851185,
   0.010381091825236569,
   0.17749313765972768,
   -1.8281946416861885
  ],
  [
   0.16030907840461678,
   -0.37993562184324914,
   0.9110158739756659,
   -10.916508684719616
  ],
  [
   0.0768933050716476,
   0.9249546779097341,
   0.3722180321371592,
   7.131965340736718
  ]
 ],
 "templeR0038": [
  [
   -0.9788956495458738,
   -0.006388863318189164,
   0.20426083747420448,
   -2.150795161776057
  ],
  [
   0.20311529427111993,
   -0.14059610611492324,
   0.9690082105836246,
   -11.569262375001145
  ],
  [
   0.022527417369024513,
   0.9900464218261804,
   0.13892659247192063,
   9.88487264999742
  ]
 ],
 "templeR0015": [
  [
   0.9991009486360326,
   -0.040252558660683335,
   0.013305110140390632,
   -0.1614330009529775
  ],
  [
   0.03460479396335066,
   0.9556213271277674,
   0.2925583486645336,
   -3.4362854195334687
  ],
  [
   -0.024490869101232986,
   -0.2918349030870588,
   0.9561551059691275,
   0.40142339418320283
  ]
 ],
 "templeR0017": [
  [
   -0.9953919231152318,
   0.027635094450638262,
   0.09182168018319373,
   -1.0449373152374506
  ],
  [
   -0.07647098345021747,
   -0.8065121526350176,
   -0.5862510864315618,
   6.87121981154488
  ],
  [
   0.057854196797786216,
   -0.5905712905371665,
   0.8049089654775557,
   -20.163068863520483
  ]
 ],
 "templeR0019": [
  [
   0.9905475048533209,
   -0.13273380738764845,
   -0.034603135771758116,
   0.3977846039655237
  ],
  [
   0.11216909475739888,
   0.6386091448655761,
   0.7613123237380065,
   -8.975566339786223
  ],
  [
   -0.07895400439601372,
   -0.7579974251080516,
   0.6474613260414849,
   4.0308462832624485
  ]
 ],
 "templeR0021": [
  [
   0.9867386341664393,
   -0.14624596137746243,
   -0.0704200725939113,
   0.811248781022138
  ],
  [
   0.13180711946212975,
   0.4687367044704367,
   0.8734487879328074,
   -10.368642881657225
  ],
  [
   -0.09472988494897384,
   -0.8711475309400678,
   0.48179687445496977,
   5.969162720008054
  ]
 ]
}