{
 "templeR0032": [
  [
   1.0,
   0.0,
   0.0,
   0.0
  ],
  [
   0.0,
   1.0,
   0.0,
   0.0
  ],
  [
   0.0,
   0.0,
   1.0,
   0.0
  ]
 ],
 "templeR0047": [
  [
   0.9999209260556872,
   -0.003938923868438277,
   -0.011942634328131215,
   0.2327893659496674
  ],
  [
   0.0033627388936085245,
   0.9988470485897046,
   -0.047888051858156803,
   0.9711977691884892
  ],
  [
   0.012117492441516975,
   0.04784410520006359,
   0.998781311386299,
   0.05083310165683251
  ]
 ],
 "templeR0033": [
  [
   0.9998747325768954,
   0.009663652321364402,
   -0.012535269366622573,
   0.24657720615121076
  ],
  [
   -0.008566563394665015,
   0.9963611232839378,
   0.08480050707380825,
   -1.7230496997389904
  ],
  [
   0.013309137683831485,
   -0.08468250015311078,
   0.9963190959837773,
   0.06393897497230391
  ]
 ],
 "templeR0034": [
  [
   0.9997421407427162,
   0.0202922516749399,
   0.010191984356938575,
   -0.18937730965359717
  ],
  [
   -0.02200269175231432,
   0.9766312489352471,
   0.21379262185312226,
   -4.346541469004482
  ],
  [
   -0.005615476722756611,
   -0.21396174453658856,
   0.9768258996853205,
   0.3418070968522656
  ]
 ],
 "templeR0035": [
  [
   0.9993098217972345,
   0.036918807921251774,
   0.004108732317043344,
   -0.07193738193316097
  ],
  [
   -0.036210328402335575,
   0.9434631740138076,
   0.32949362876508964,
   -6.708097081528398
  ],
  [
   0.008288074358643763,
   -0.32941499799108326,
   0.9441488584550427,
   0.995630767458034
  ]
 ],
 "templeR0046": [
  [
   0.9998212306171977,
   -0.017384149741924124,
   -0.007436272242375256,
   0.14400706887189915
  ],
  [
   0.015482656849909692,
   0.9784787401985597,
   -0.20576598921179207,
   4.142831039805434
  ],
  [
   0.010853301063745803,
   0.20561407130152776,
   0.9785729709831709,
   0.5102747397558467
  ]
 ],
 "templeR0045": [
  [
   0.9992980390034424,
   -0.03459675607142315,
   -0.014369889116095828,
   0.27016148078315205
  ],
  [
   0.027345241256405615,
   0.9358133826078088,
   -0.35143356514817975,
   7.069735607169902
  ],
  [
   0.025605995870174942,
   0.3507939244078571,
   0.9361025347546236,
   1.3829098169366014
  ]
 ],
 "templeR0044": [
  [
   0.9988109370873168,
   -0.04844300393118992,
   -0.005476068377851322,
   0.0910390593134058
  ],
  [
   0.03977195606011278,
   0.87464302677852,
   -0.48313328100935216,
   9.719027361683173
  ],
  [
   0.028194032452074747,
   0.4823410111921149,
   0.8755296942173119,
   2.6310211983166996
  ]
 ],
 "templeR0036": [
  [
   0.9986129596692225,
   0.052554165876085385,
   0.003196315025876523,
   -0.05434834890513945
  ],
  [
   -0.048314702017007924,
   0.8905465988608708,
   0.4523189635935496,
   -9.208379487114986
  ],
  [
   0.020924778366412197,
   -0.4518460079566976,
   0.8918505136758695,
   2.0356487872608873
  ]
 ],
 "templeR0037": [
  [
   0.9976957815064436,
   0.06744287083276672,
   0.007388283838723801,
   -0.14197817144177996
  ],
  [
   -0.059720698113923235,
   0.8213075167176609,
   0.5673512150333818,
   -11.551006302448705
  ],
  [
   0.03219574165992217,
   -0.5664851473400726,
   0.8234427800776831,
   3.393025702622855
  ]
 ],
 "templeR0038": [
  [
   0.9968448565719046,
   0.07732108691792425,
   0.01793826758552381,
   -0.35369269589806934
  ],
  [
   -0.0694559336709335,
   0.7403181753254525,
   0.6686590106778577,
   -13.623073523032929
  ],
  [
   0.038421415955661176,
   -0.6677952147182723,
   0.7433527735842106,
   5.01095887969382
  ]
 ],
 "templeR0043": [
  [
   0.9978993255786677,
   -0.06474912298356846,
   0.0021182734712591952,
   -0.0668695642634594
  ],
  [
   0.052967978754413544,
   0.7966318552196776,
   -0.6021395855413648,
   12.10861561257954
  ],
  [
   0.03730052595222094,
   0.6009868869801681,
   0.7983880212287596,
   4.209773404508225
  ]
 ],
 "templeR0039": [
  [
   0.9957255776639136,
   0.08831317936848446,
   0.027043600642217287,
   -0.5363692682205052
  ],
  [
   -0.07784595281987888,
   0.644884741142003,
   0.7603049902978259,
   -15.498131079875515
  ],
  [
   0.04970494558322174,
   -0.7591603605247325,
   0.6490030549947567,
   6.8813412052517
  ]
 ],
 "templeR0042": [
  [
   0.9968084225437743,
   -0.0788060582925132,
   0.012750447921118634,
   -0.28576835608457885
  ],
  [
   0.06474327709681192,
   0.7045978067244084,
   -0.706647181293408,
   14.205427396338518
  ],
  [
   0.046704141321274484,
   0.705217367862952,
   0.7074511907177005,
   6.077736042535962
  ]
 ],
 "templeR0013": [
  [
   -0.9951027587267439,
   0.09856124229743868,
   -0.007495404672820113,
   0.5193636630240851
  ],
  [
   -0.07152439759991724,
   -0.6656394760098012,
   0.7428380365364757,
   -15.35523138370219
  ],
  [
   0.06822580246792777,
   0.7397362837485959,
   0.6694292123768016,
   6.828645362983409
  ]
 ],
 "templeR0014": [
  [
   -0.9934793764165931,
   0.1120386802093452,
   -0.021120198196166944,
   0.7946848936044415
  ],
  [
   -0.07999135059434372,
   -0.5529663148874892,
   0.8293549532195748,
   -17.088022316560508
  ],
  [
   0.08124107621757654,
   0.8256364749311276,
   0.5583227550425577,
   9.077354570491579
  ]
 ],
 "templeR0015": [
  [
   -0.9917815555526738,
   0.12287573972340976,
   -0.03564966553761052,
   1.0890783644654007
  ],
  [
   -0.08582699799959476,
   -0.4323191774100228,
   0.8976267906306599,
   -18.45019847082695
  ],
  [
   0.09488452181413042,
   0.8933093984902127,
   0.4393122421344039,
   11.472376739487386
  ]
 ],
 "templeR0016": [
  [
   -0.9899438813546964,
   0.1308166567131449,
   -0.05383413503339701,
   1.4589969224060604
  ],
  [
   -0.09189499156366608,
   -0.30536988877439053,
   0.947789291749717,
   -19.44636284903594
  ],
  [
   0.10754730258780351,
   0.9432052975658649,
   0.31432044850721375,
   14.00827283970301
  ]
 ],
 "templeR0017": [
  [
   -0.9883262259385583,
   0.1341518826085012,
   -0.07221179622915197,
   1.827152323264485
  ],
  [
   -0.09558887353282433,
   -0.17693781228560057,
   0.9795691797113217,
   -20.074632870765374
  ],
  [
   0.11863405235753927,
   0.9750365546871465,
   0.18769570758290754,
   16.567466202541738
  ]
 ],
 "templeR0018": [
  [
   -0.9874475533701417,
   0.12828237757463962,
   -0.09214641038650756,
   2.2187932785325524
  ],
  [
   -0.0965355492909537,
   -0.028414892055448893,
   0.99492385720344,
   -20.34877530103112
  ],
  [
   0.1250128676033588,
   0.9913305329269722,
   0.04044202542294717,
   19.51812754230911
  ]
 ],
 "templeR0019": [
  [
   -0.9790453765930889,
   0.17414626770158187,
   -0.10556148927192027,
   2.5331748746365914
  ],
  [
   -0.09887181159315926,
   0.04667708895747846,
   0.9940048361244233,
   -20.383592558865075
  ],
  [
   0.1780295353136203,
   0.9836128947975741,
   -0.028480831166801668,
   20.806718581879217
  ]
 ],
 "templeR0020": [
  [
   -0.977453567807287,
   0.16902395545499438,
   -0.1265520654242893,
   2.9589758751398016
  ],
  [
   -0.0999890639539372,
   0.15736455215006262,
   0.9824655641884991,
   -20.162552407720227
  ],
  [
   0.1859750248566215,
   0.9729682935270595,
   -0.1369159958537377,
   23.034314195298
  ]
 ],
 "templeR0021": [
  [
   -0.977358838792412,
   0.15643249440274126,
   -0.1424730673821695,
   3.2746502879424186
  ],
  [
   -0.09715240592053286,
   0.26639344240989293,
   0.9589556527102069,
   -19.697520918462786
  ],
  [
   0.18796571564569933,
   0.9510853844613233,
   -0.24516419234026976,
   25.25516725250711
  ]
 ],
 "templeR0022": [
  [
   -0.9754952413845547,
   0.15251184856528116,
   -0.1585848986609068,
   3.6041494918401917
  ],
  [
   -0.09157171872087855,
   0.3739552450415815,
   0.9229149988142974,
   -18.972791774463836
  ],
  [
   0.2000591271764266,
   0.9148210812793346,
   -0.350825789930437,
   27.410779191379902
  ]
 ],